1,5927943,G/A,6/3
1,6639073,G/A,53/29
1,10228220,G/C,9/7
1,11771999,G/A,15/12
1,12854162,C/T,76/16
1,12907275,G/C,126/11
1,12907385,G/A,145/15
1,12907408,T/A,142/13
1,12921539,T/G,52/35
1,12942990,A/G,34/26
1,12954490,A/G,59
1,12979845,T/C,46/15
1,13036247,T/A,42/35
1,13036736,T/A,32/46
1,16785378,A/T,19/19
1,20230880,A/G,45/37
1,24448005,T/C,38/25
1,27739150,G/A,49/45
1,43907176,C/T,48/46
1,45973127,C/T,8/8
1,53158524,A/C,22/16
1,57373737,G/A,67/60
1,59148136,T/C,24/21
1,70716376,G/A,28/23
1,75606674,A/T,45/44
1,89449278,C/T,71/18
1,93720047,A/G,48/39
1,109010261,G/A,46/66
1,144952220,C/T,89/42
1,145115792,C/T,160/17
1,145115815,A/C,137/23
1,151502966,C/G,6/4
1,151780099,T/C,20/10
1,152188176,G/A,58/14
1,152280559,T/C,117/11
1,152282092,T/C,51/10
1,152284505,C/G,167/15
1,152284541,G/A,170/14
1,152284576,C/A,159/10
1,153066098,G/A,70/12
1,153066113,G/A,71/9
1,153085152,C/T,68/16
1,154125335,G/C,45/45
1,155408644,G/A,22/16
1,158152814,G/A,32/20
1,174340191,G/A,49/37
1,196920053,A/G,82/76
1,243328887,G/T,112/30
1,248112754,T/C,17/13
1,248637046,G/A,114/31
1,248637115,T/C,93/56
1,248637543,C/T,72/21
1,248651905,A/T,20/27
1,248652011,A/T,97/27
1,248652023,G/A,107/27
1,248652175,G/A,87/44
1,248737167,G/A,30/14
1,248737230,T/C,21/25
1,248737511,A/G,94/40
1,248737595,A/G,65/54
1,248813785,A/T,10/11
10,28420620,C/T,61/43
10,29779847,A/C,48/20
10,47915891,C/A,64/59
10,51859751,C/A,50/48
10,61865755,A/G,38/37
10,62648167,G/A,17/14
10,87614376,C/A,13/13
10,90530701,G/A,47/30
10,95169395,C/A,33/28
10,101610475,C/T,11/10
10,102054823,G/A,27/21
10,133769285,C/T,17/13
10,135438929,T/G,89/20
11,1264183,G/A,18/27
11,3660256,C/A,13/13
11,4661280,C/T,39/37
11,5173229,C/T,23/18
11,18591871,C/T,40/39
11,34475387,C/T,37/30
11,36057670,G/A,12/10
11,49204732,T/C,52/11
11,62300265,C/G,20/13
11,76072076,G/A,156/21
11,77386177,T/C,63/54
11,77412755,C/T,37/36
11,107205679,T/C,60/38
11,118403095,G/A,11/8
11,124757700,C/T,31/27
12,2944049,G/A,10/11
12,11461769,G/T,88/39
12,11546884,C/T,8/8
12,14959292,T/A,68/48
12,15637040,G/A,40/37
12,19518978,A/G,69/52
12,29671479,G/T,53/40
12,31250875,G/C,67/24
12,46322568,T/C,38/35
12,46345461,T/G,21/17
12,48090135,T/C,54/51
12,48376392,C/A,26/25
12,50745703,T/G,37/17
12,51384724,G/C,12/6
12,56726734,G/A,18/14
12,109186505,G/A,7/4
12,119866567,G/A,35/23
12,123820997,T/A,106/78
13,19751579,C/T,53/51
13,21957120,G/A,36/35
13,24895437,G/A,17/20
13,111335406,C/T,17/14
14,19553642,A/G,70/38
14,20711179,G/C,36/26
14,20857406,G/A,36/36
14,24885925,C/T,10/8
14,36140611,G/A,38/10
14,39716241,T/C,29/11
14,52496399,T/C,8/4
14,74041748,A/G,25/18
14,102449461,C/A,34/25
15,28483865,G/A,116/14
15,28483903,C/A,105/22
15,42245972,A/G,28/15
15,59144148,C/A,19/13
15,59179566,C/T,97/77
15,60758905,T/C,33/29
15,75498447,C/T,8/4
15,75913266,G/A,24/22
16,239966,C/G,4/4
16,461483,G/C,9/8
16,2345696,G/A,9/8
16,3440034,T/A,17/10
16,10775980,C/A,34/28
16,14968954,C/T,151/21
16,24580418,C/T,25/19
16,50118095,G/A,55/48
16,57984295,T/C,29/25
16,68598164,C/A,29/25
16,81242107,T/C,8/5
16,84230257,G/A,5/7
17,3324004,C/T,70/19
17,7386217,T/C,84/24
17,7386234,G/A,70/20
17,10219080,A/T,63/58
17,16068396,G/A,75/30
17,18150617,G/A,8/5
17,18659395,A/G,89/65
17,27047027,G/A,77/67
17,27614402,C/T,50/42
17,28889890,T/G,19/11
17,33875445,G/A,27/23
17,36453208,T/C,65
17,39406427,T/C,94/11
17,39766695,G/A,11/9
17,39780443,C/T,9/6
17,44248848,G/A,35/25
17,45219654,C/T,94/28
17,45219730,T/G,117/15
17,45234303,G/C,69/18
17,48752837,G/A,27/14
17,57958377,T/C,33/29
17,58256725,A/G,50/42
17,72443138,G/A,10/9
17,76200907,A/G,20/14
18,3071879,G/A,18/18
18,14542791,C/T,83/17
18,14542979,A/G,62/58
18,31318887,G/A,21/21
18,44555147,T/G,89/28
18,60612431,G/A,24/23
19,7056553,C/T,25/18
19,12430462,G/A,93/84
19,12543251,A/C,91/62
19,12543974,G/A,82/37
19,22256303,T/C,100/90
19,22575777,T/C,66/19
19,22575784,C/A,63/13
19,22586310,A/C,104/84
19,22604999,T/C,21/21
19,22847072,G/C,72/31
19,22847084,G/T,74/29
19,22847163,G/A,40/11
19,22847487,G/A,26/8
19,33444519,A/G,96/10
19,38126813,G/A,45/32
19,39125705,G/C,24/18
19,40540724,A/C,34/23
19,40541514,C/G,45/35
19,40541528,T/C,44/31
19,41594830,A/T,27/7
19,42260691,T/C,151/16
19,44777406,G/A,19/17
19,44890968,C/G,74/7
19,44891010,G/C,60/13
19,44891043,G/T,62/13
19,50334047,C/T,17/11
19,58371368,T/G,99/9
19,58421128,C/T,83/52
2,905903,G/T,135/23
2,42990309,G/C,11/8
2,44071719,C/A,12/9
2,46739447,C/T,24/22
2,85571228,G/C,30/27
2,97216846,G/A,13/12
2,97792874,A/G,120/13
2,105708997,G/A,64/58
2,107040572,T/C,96/42
2,109526992,C/A,36/23
2,112619981,G/A,27/14
2,128388437,A/C,8/5
2,133543044,T/C,29/27
2,159459601,C/T,24/22
2,166201061,C/A,32/21
2,191364828,C/T,21/19
2,196602841,T/A,15/13
2,198436771,A/C,42/28
2,206872113,T/C,23/12
2,234581097,C/T,157/13
2,241066314,G/A,37/19
2,241622002,C/A,16/8
20,1433259,G/A,19/16
20,2384129,C/T,9/8
20,2945736,T/G,31/28
20,25277079,T/C,11/8
20,42682966,G/A,12/12
20,44757623,C/T,11/10
20,45221055,C/G,28/28
20,46268423,C/G,27/26
20,57035940,G/A,12/4
20,58461802,T/C,73/69
21,10971298,T/G,41/20
21,33057720,T/G,46/41
21,40777900,T/G,16/13
21,47686037,A/C,18/8
22,24123166,G/A,9/6
22,25023893,G/A,56/15
22,40642092,G/A,71/18
22,41322392,C/G,23/21
22,41513727,G/A,20/12
22,44587987,G/A,31/22
22,46652516,T/A,36/27
3,39307125,G/C,25/13
3,49160732,C/G,9/10
3,51978511,C/T,24/16
3,52404178,A/G,28/17
3,52570892,A/G,35/30
3,59908137,C/T,25/23
3,63985157,C/A,88/73
3,64587820,T/C,38/19
3,75786355,T/A,23/14
3,75788040,G/A,5/15
3,93629525,C/T,38/26
3,97869007,A/G,76/7
3,105269001,T/G,28/22
3,113724802,G/A,16/13
3,138176419,G/A,29/18
3,138244395,T/C,67/53
3,142467175,C/G,22/21
3,148552330,A/G,25/24
3,160025451,G/A,38/32
3,196529902,G/C,64/17
3,196792663,C/A,66/42
4,42576655,T/C,33/20
4,56471515,G/A,29/24
4,70066376,C/G,131/27
4,70066408,C/A,116/9
4,70146804,G/C,47
4,71555242,T/C,28/20
4,76877285,C/G,109/81
4,103832620,A/T,109/14
4,103832643,A/C,108/9
4,103832650,T/A,89/20
4,103832665,T/C,83/14
4,138451292,C/T,13/9
4,145636525,G/T,42/28
4,155407595,C/A,67/49
4,166021777,T/C,15/14
4,190874234,C/T,116/74
4,190874281,G/T,171/17
4,190881927,A/G,98/32
5,32072315,G/T,56/49
5,35921125,C/T,32/26
5,115238670,A/G,95/7
5,132158549,G/C,5/4
5,135287013,C/T,38/34
5,137622259,C/T,26/25
5,140221195,G/C,22/7
5,147498551,A/G,65/63
5,150498869,T/A,27/20
5,169697819,C/T,30/25
5,175528584,C/T,99/20
5,175533585,C/T,80/75
5,179320359,G/C,6/3
6,26392629,G/A,19/19
6,26459997,G/A,31/12
6,27861509,T/C,16/8
6,110714225,G/A,22/12
6,116949156,A/G,39/36
6,142397030,G/A,24/22
6,167595311,T/G,91/27
7,2644537,C/G,7/4
7,2984157,C/G,9/7
7,5959485,G/A,84/43
7,6027039,T/C,29/27
7,6803602,C/T,25/46
7,6859453,C/G,44/83
7,7516808,G/C,21/15
7,23353246,A/C,56/13
7,26225393,A/G,16/10
7,29035428,C/T,28/28
7,31016941,T/A,48/32
7,31592792,C/T,19/10
7,66703328,G/A,101
7,72419464,T/G,17/6
7,72436652,A/G,29/17
7,84727240,A/G,24/16
7,91646406,G/A,60/41
7,91694541,A/G,29/24
7,94917894,G/A,47/46
7,99129744,G/C,26/20
7,99917435,G/A,47/11
7,100678514,A/G,29/23
7,106836335,G/C,38/19
7,111448894,C/T,42/32
7,117188750,C/T,93/22
7,117188797,A/G,129/21
7,117876122,G/A,45/39
7,138418883,G/T,35/35
7,141724872,C/T,85/68
7,142459626,C/T,61/9
7,142460369,G/A,88/23
7,144060286,A/G,95/23
7,151945007,C/T,68/55
8,6873603,T/G,99/49
8,11189252,C/G,70/12
8,24346754,A/C,53/33
8,33318891,T/C,14/11
8,39505887,T/G,28/24
8,81577082,G/A,23/21
8,101721812,G/A,95/15
8,101721817,T/C,95/16
8,101721839,C/A,81/13
8,145086777,C/T,16/13
9,13150558,A/C,67/60
9,35751681,C/G,34/32
9,39118196,C/A,110/25
9,67968354,G/A,78/46
9,67968458,G/A,34/43
9,69423641,T/G,111/42
9,86495276,C/T,100/63
9,100672587,G/A,44/43
9,120476016,C/T,37/32
9,137804881,G/A,6/6
9,140450001,C/T,5/4
X,2951253,G/A,15/10
X,6451856,A/G,98/23
X,8433535,A/C,26/31
X,15613008,T/G,71/68
X,31089911,G/A,12/7
X,47774599,C/T,24/22
X,48839423,C/T,27/17
X,50345740,T/A,68/54
X,55033629,G/A,13/7
X,72093480,G/C,51/19
X,101576806,G/A,148/27
X,119419061,G/A,55/48
X,140335742,G/C,139/47
X,140996242,G/A,17/10
X,150791434,G/T,72/29
X,153418541,T/G,129
